listNo,terms
SH001,Q Y
SH002,Q Y
SH003,Q Y
SH004,Q Y
SH005,Q Y
SH006,Q Y
SH007,Q Y
SH008,Q Y
SH016,Q Y
SH017,Q Y
SH018,Q Y
SH019,Q Y
SH020,Q Y
SH021,Q Y
SH022,Y
SH023,Q Y
SH024,Q Y
SH025,H
SH026,Q Y
SH027,Q Y
SH028,Q Y
SH029,Q Y
SH111,Q Y
SH112,Q Y
SH113,Q Y
SH114,Q Y
SH115,Q Y
SH116,Q Y
SH117,Q Y
SH118,Q Y
SH119,Q Y
SH120,Q Y
SH121,Q Y
SH122,Q Y
SH123,Q Y
SH124,Q Y
SH125,Q Y
SH126,Q Y
SH127,Q Y
SH128,Q Y
SH129,Q Y
SH130,Q Y
SH131,Q Y
SH132,Q Y
SH133,Q Y
SH134,Q Y
SH135,Q Y
SH136,Q Y
SH137,Q Y
SH138,Q Y
SH139,Q Y
SH140,Q Y
SH142,Q Y
SH143,Q Y
SH144,Q Y
SH145,Q Y
SH146,Q Y
SH147,Q Y
SH148,Q Y
SH149,Q Y
SH150,Q Y
SH151,Q Y
SH152,Q Y
SH153,Q Y
SH154,Q Y
SH155,Q Y
SH156,Q Y
SH157,Q Y
SH158,Q Y
SH159,Q Y
SH160,Q Y
SH161,Q Y
SH162,Q Y
SH163,Q Y
SH164,Q Y
SH165,Q Y
SH166,Q Y
SH167,Q Y
SH169,Q Y
